{
  "hash": "16405ff7",
  "configHash": "a3a1bb0f",
  "lockfileHash": "d6b4dc3b",
  "browserHash": "501987a9",
  "optimized": {
    "@angular/core": {
      "src": "../../../../../node_modules/@angular/core/fesm2022/core.mjs",
      "file": "@angular_core.js",
      "fileHash": "b990f09a",
      "needsInterop": false
    },
    "@angular/platform-browser": {
      "src": "../../../../../node_modules/@angular/platform-browser/fesm2022/platform-browser.mjs",
      "file": "@angular_platform-browser.js",
      "fileHash": "d4d3c72b",
      "needsInterop": false
    },
    "@angular/router": {
      "src": "../../../../../node_modules/@angular/router/fesm2022/router.mjs",
      "file": "@angular_router.js",
      "fileHash": "37bc5889",
      "needsInterop": false
    },
    "@angular/common/http": {
      "src": "../../../../../node_modules/@angular/common/fesm2022/http.mjs",
      "file": "@angular_common_http.js",
      "fileHash": "20bc8f60",
      "needsInterop": false
    },
    "sweetalert2": {
      "src": "../../../../../node_modules/sweetalert2/dist/sweetalert2.all.js",
      "file": "sweetalert2.js",
      "fileHash": "6989c20d",
      "needsInterop": true
    }
  },
  "chunks": {
    "chunk-7X2EYLWP": {
      "file": "chunk-7X2EYLWP.js"
    },
    "chunk-HV3IHC4H": {
      "file": "chunk-HV3IHC4H.js"
    },
    "chunk-2R6AJIEI": {
      "file": "chunk-2R6AJIEI.js"
    },
    "chunk-3OV72XIM": {
      "file": "chunk-3OV72XIM.js"
    }
  }
}